Fechas;Casos;Vacunas
22/01/2020;0;0
23/01/2020;0;0
24/01/2020;0;0
25/01/2020;0;0
26/01/2020;0;0
27/01/2020;0;0
28/01/2020;0;0
29/01/2020;0;0
30/01/2020;0;0
31/01/2020;2;0
01/02/2020;0;0
02/02/2020;0;0
03/02/2020;6;0
04/02/2020;0;0
05/02/2020;1;0
06/02/2020;0;0
07/02/2020;0;0
08/02/2020;4;0
09/02/2020;1;0
10/02/2020;0;0
11/02/2020;1;0
12/02/2020;1;0
13/02/2020;1;0
14/02/2020;1;0
15/02/2020;0;0
16/02/2020;0;0
17/02/2020;1;0
18/02/2020;0;0
19/02/2020;1;0
20/02/2020;2;0
21/02/2020;1;0
22/02/2020;0;0
23/02/2020;5;0
24/02/2020;2;0
25/02/2020;4;0
26/02/2020;3;0
27/02/2020;7;0
28/02/2020;12;0
29/02/2020;5;0
01/03/2020;33;0
02/03/2020;40;0
03/03/2020;55;0
04/03/2020;56;0
05/03/2020;49;0
06/03/2020;79;0
07/03/2020;55;0
08/03/2020;54;0
09/03/2020;147;0
10/03/2020;258;0
11/03/2020;411;0
12/03/2020;489;0
13/03/2020;479;0
14/03/2020;364;0
15/03/2020;442;0
16/03/2020;612;0
17/03/2020;768;0
18/03/2020;999;0
19/03/2020;1055;0
20/03/2020;1254;0
21/03/2020;1197;0
22/03/2020;1376;0
23/03/2020;2335;0
24/03/2020;2371;0
25/03/2020;2693;0
26/03/2020;3084;0
27/03/2020;3201;0
28/03/2020;2822;0
29/03/2020;2857;0
30/03/2020;4273;0
31/03/2020;4515;0
01/04/2020;4914;0
02/04/2020;4865;0
03/04/2020;4915;0
04/04/2020;4020;0
05/04/2020;3594;0
06/04/2020;5275;0
07/04/2020;5450;0
08/04/2020;5129;0
09/04/2020;4852;0
10/04/2020;4315;0
11/04/2020;3577;0
12/04/2020;3495;0
13/04/2020;4183;0
14/04/2020;4325;0
15/04/2020;5065;0
16/04/2020;5298;0
17/04/2020;4965;0
18/04/2020;4716;0
19/04/2020;3852;0
20/04/2020;4858;0
21/04/2020;4760;0
22/04/2020;5490;0
23/04/2020;5143;0
24/04/2020;4973;0
25/04/2020;3748;0
26/04/2020;3468;0
27/04/2020;4702;0
28/04/2020;4721;0
29/04/2020;5435;0
30/04/2020;4956;0
01/05/2020;4727;0
02/05/2020;3221;0
03/05/2020;2974;0
04/05/2020;3378;0
05/05/2020;3684;0
06/05/2020;3831;0
07/05/2020;3767;0
08/05/2020;3049;0
09/05/2020;2150;0
10/05/2020;2321;0
11/05/2020;3583;0
12/05/2020;3389;0
13/05/2020;3298;0
14/05/2020;2609;0
15/05/2020;2517;0
16/05/2020;2065;0
17/05/2020;1826;0
18/05/2020;2574;0
19/05/2020;3041;0
20/05/2020;2706;0
21/05/2020;2542;0
22/05/2020;2030;0
23/05/2020;1507;0
24/05/2020;1348;0
25/05/2020;1607;0
26/05/2020;1650;0
27/05/2020;1802;0
28/05/2020;1734;0
29/05/2020;1504;0
30/05/2020;1099;0
31/05/2020;1069;0
01/06/2020;1434;0
02/06/2020;1467;0
03/06/2020;1342;0
04/06/2020;1234;0
05/06/2020;1105;0
06/06/2020;791;0
07/06/2020;717;0
08/06/2020;1086;0
09/06/2020;1153;0
10/06/2020;1182;0
11/06/2020;1001;0
12/06/2020;1053;0
13/06/2020;887;0
14/06/2020;807;0
15/06/2020;1026;0
16/06/2020;1077;0
17/06/2020;997;0
18/06/2020;1020;0
19/06/2020;980;0
20/06/2020;666;0
21/06/2020;622;0
22/06/2020;892;0
23/06/2020;882;0
24/06/2020;774;0
25/06/2020;697;0
26/06/2020;638;0
27/06/2020;633;0
28/06/2020;395;0
29/06/2020;604;0
30/06/2020;403;0
01/07/2020;60;0
02/07/2020;4;0
03/07/2020;502;0
04/07/2020;624;0
05/07/2020;516;0
06/07/2020;352;0
07/07/2020;581;0
08/07/2020;630;0
09/07/2020;642;0
10/07/2020;512;0
11/07/2020;820;0
12/07/2020;650;0
13/07/2020;530;0
14/07/2020;1240;0
15/07/2020;538;0
16/07/2020;641;0
17/07/2020;687;0
18/07/2020;827;0
19/07/2020;726;0
20/07/2020;580;0
21/07/2020;445;0
22/07/2020;560;0
23/07/2020;769;0
24/07/2020;768;0
25/07/2020;767;0
26/07/2020;745;0
27/07/2020;685;0
28/07/2020;547;0
29/07/2020;797;0
30/07/2020;846;0
31/07/2020;880;0
01/08/2020;761;0
02/08/2020;743;0
03/08/2020;938;0
04/08/2020;670;0
05/08/2020;891;0
06/08/2020;950;0
07/08/2020;871;0
08/08/2020;758;0
09/08/2020;1062;0
10/08/2020;816;0
11/08/2020;1148;0
12/08/2020;1009;0
13/08/2020;1129;0
14/08/2020;1440;0
15/08/2020;1012;0
16/08/2020;1105;0
17/08/2020;713;0
18/08/2020;1089;0
19/08/2020;812;0
20/08/2020;1182;0
21/08/2020;1033;0
22/08/2020;1288;0
23/08/2020;1041;0
24/08/2020;972;0
25/08/2020;1184;0
26/08/2020;1048;0
27/08/2020;1522;0
28/08/2020;1276;0
29/08/2020;1108;0
30/08/2020;1715;0
31/08/2020;1406;0
01/09/2020;1295;0
02/09/2020;1508;0
03/09/2020;1735;0
04/09/2020;1940;0
05/09/2020;1813;0
06/09/2020;2988;0
07/09/2020;2948;0
08/09/2020;2460;0
09/09/2020;2659;0
10/09/2020;2919;0
11/09/2020;3539;0
12/09/2020;3497;0
13/09/2020;3330;0
14/09/2020;2621;0
15/09/2020;3103;0
16/09/2020;3991;0
17/09/2020;3395;0
18/09/2020;4322;0
19/09/2020;4422;0
20/09/2020;3899;0
21/09/2020;4368;0
22/09/2020;4926;0
23/09/2020;6178;0
24/09/2020;6634;0
25/09/2020;6873;0
26/09/2020;6041;0
27/09/2020;5692;0
28/09/2020;4044;0
29/09/2020;7143;0
30/09/2020;7108;0
01/10/2020;6914;0
02/10/2020;6968;0
03/10/2020;12871;0
04/10/2020;22961;0
05/10/2020;12593;0
06/10/2020;14542;0
07/10/2020;14162;0
08/10/2020;17540;0
09/10/2020;13864;0
10/10/2020;15165;0
11/10/2020;12872;0
12/10/2020;13972;0
13/10/2020;17232;0
14/10/2020;19724;0
15/10/2020;18978;0
16/10/2020;15635;0
17/10/2020;16171;0
18/10/2020;16981;0
19/10/2020;18803;0
20/10/2020;21330;0
21/10/2020;26687;0
22/10/2020;21238;0
23/10/2020;20531;0
24/10/2020;23012;0
25/10/2020;19790;0
26/10/2020;20890;0
27/10/2020;22885;0
28/10/2020;24700;0
29/10/2020;23065;0
30/10/2020;24405;0
31/10/2020;21915;0
01/11/2020;23254;0
02/11/2020;18950;0
03/11/2020;20018;0
04/11/2020;25177;0
05/11/2020;24138;0
06/11/2020;23287;0
07/11/2020;24957;0
08/11/2020;20572;0
09/11/2020;21350;0
10/11/2020;20412;0
11/11/2020;22950;0
12/11/2020;33470;0
13/11/2020;27301;0
14/11/2020;26860;0
15/11/2020;24962;0
16/11/2020;21363;0
17/11/2020;20051;0
18/11/2020;19609;0
19/11/2020;22915;0
20/11/2020;20252;0
21/11/2020;19875;0
22/11/2020;18662;0
23/11/2020;15450;0
24/11/2020;11299;0
25/11/2020;18213;0
26/11/2020;17555;0
27/11/2020;14739;0
28/11/2020;15871;0
29/11/2020;12155;0
30/11/2020;12330;0
01/12/2020;13429;0
02/12/2020;16170;0
03/12/2020;14878;0
04/12/2020;16298;0
05/12/2020;15539;0
06/12/2020;17271;0
07/12/2020;14718;0
08/12/2020;12281;0
09/12/2020;16578;0
10/12/2020;20964;0
11/12/2020;21672;0
12/12/2020;21501;0
13/12/2020;18447;0
14/12/2020;20263;0
15/12/2020;18450;0
16/12/2020;25161;0
17/12/2020;35383;0
18/12/2020;28507;0
19/12/2020;27052;0
20/12/2020;35928;0
21/12/2020;33364;0
22/12/2020;36803;0
23/12/2020;39237;0
24/12/2020;39036;0
25/12/2020;32725;0
26/12/2020;34693;0
27/12/2020;32340;0
28/12/2020;41385;0
29/12/2020;53135;0
30/12/2020;50023;0
31/12/2020;55892;0
01/01/2021;53285;0
02/01/2021;57724;0
03/01/2021;54990;0
04/01/2021;58784;0
05/01/2021;60916;0
06/01/2021;62322;0
07/01/2021;52618;0
08/01/2021;68053;0
09/01/2021;59937;0
10/01/2021;54940;0
11/01/2021;46169;165844.0
12/01/2021;45533;223726.0
13/01/2021;47525;288688.0
14/01/2021;48682;321951.0
15/01/2021;55761;345525.0
16/01/2021;41342;298751.0
17/01/2021;38598;192346.0
18/01/2021;37535;208641.0
19/01/2021;33355;346922.0
20/01/2021;38905;366919.0
21/01/2021;37892;412615.0
22/01/2021;40261;480069.0
23/01/2021;33552;493013.0
24/01/2021;30004;221067.0
25/01/2021;22195;281725.0
26/01/2021;20088;312770.0
27/01/2021;25308;314707.0
28/01/2021;28680;416188.0
29/01/2021;29079;489934.0
30/01/2021;23275;609010.0
31/01/2021;21088;322194.0
01/02/2021;18607;352935.0
02/02/2021;16840;376922.0
03/02/2021;19202;472011.0
04/02/2021;20634;484596.0
05/02/2021;19114;498227.0
06/02/2021;18262;551470.0
07/02/2021;15845;279850.0
08/02/2021;14104;356291.0
09/02/2021;12364;414973.0
10/02/2021;13013;455704.0
11/02/2021;13494;508763.0
12/02/2021;15144;549378.0
13/02/2021;13307;508208.0
14/02/2021;10972;239877.0
15/02/2021;9765;282491.0
16/02/2021;10625;377277.0
17/02/2021;12717;497257.0
18/02/2021;12057;468321.0
19/02/2021;12027;387200.0
20/02/2021;10406;344942.0
21/02/2021;9834;150896.0
22/02/2021;10641;210804.0
23/02/2021;8489;353009.0
24/02/2021;9938;480575.0
25/02/2021;9985;521039.0
26/02/2021;8523;537266.0
27/02/2021;7434;434825.0
28/02/2021;6035;205584.0
01/03/2021;5455;231450.0
02/03/2021;6391;276310.0
03/03/2021;6385;347406.0
04/03/2021;6573;446450.0
05/03/2021;5946;494235.0
06/03/2021;6039;448396.0
07/03/2021;5177;184384.0
08/03/2021;4712;254061.0
09/03/2021;5766;290223.0
10/03/2021;5926;341049.0
11/03/2021;6753;354372.0
12/03/2021;6609;457254.0
13/03/2021;5534;564263.0
14/03/2021;4618;282381.0
15/03/2021;5089;440051.0
16/03/2021;5294;529119.0
17/03/2021;5758;581855.0
18/03/2021;6303;660276.0
19/03/2021;4802;740655.0
20/03/2021;5587;844285.0
21/03/2021;5312;419618.0
22/03/2021;5342;412197.0
23/03/2021;5379;494805.0
24/03/2021;5604;580307.0
25/03/2021;6220;559324.0
26/03/2021;6187;694959.0
27/03/2021;3865;663162.0
28/03/2021;3862;441142.0
29/03/2021;4654;405039.0
30/03/2021;4040;503599.0
31/03/2021;4052;627008.0
01/04/2021;4478;616234.0
02/04/2021;3402;354051.0
03/04/2021;3423;286799.0
04/04/2021;2297;95763.0
05/04/2021;2762;105334.0
06/04/2021;2379;272020.0
07/04/2021;2762;507926.0
08/04/2021;3030;545511.0
09/04/2021;0;557014.0
10/04/2021;2584;586339.0
11/04/2021;1730;258888.0
12/04/2021;3568;261096.0
13/04/2021;2471;388808.0
14/04/2021;2491;461618.0
15/04/2021;2671;547465.0
16/04/2021;2756;635221.0
17/04/2021;2206;639080.0
18/04/2021;1882;304418.0
19/04/2021;2963;373423.0
20/04/2021;2524;457649.0
21/04/2021;2396;534693.0
22/04/2021;2728;562056.0
23/04/2021;2678;600801.0
24/04/2021;2061;696403.0
25/04/2021;1712;340496.0
26/04/2021;2064;395383.0
27/04/2021;2685;495593.0
28/04/2021;2166;597025.0
29/04/2021;2445;614135.0
30/04/2021;2381;567374.0
01/05/2021;1907;515479.0
02/05/2021;1671;262815.0
03/05/2021;1649;200099.0
04/05/2021;1946;384656.0
05/05/2021;2144;543323.0
06/05/2021;2613;608471.0
07/05/2021;2490;598823.0
08/05/2021;2047;607864.0
09/05/2021;1770;287797.0
10/05/2021;2357;346888.0
11/05/2021;2474;485260.0
12/05/2021;2284;636647.0
13/05/2021;2656;637325.0
14/05/2021;2193;613470.0
15/05/2021;2027;628577.0
16/05/2021;1926;315063.0
17/05/2021;1979;365782.0
18/05/2021;0;498101.0
19/05/2021;2135;633876.0
20/05/2021;2694;688563.0
21/05/2021;2702;646340.0
22/05/2021;2523;762361.0
23/05/2021;2092;378496.0
24/05/2021;2362;455334.0
25/05/2021;2410;574134.0
26/05/2021;2987;663577.0
27/05/2021;3380;690613.0
28/05/2021;4028;640393.0
29/05/2021;3240;602374.0
30/05/2021;3111;331209.0
31/05/2021;3283;288649.0
01/06/2021;3099;447072.0
02/06/2021;4261;521782.0
03/06/2021;5179;568907.0
04/06/2021;6140;567955.0
05/06/2021;5651;676991.0
06/06/2021;5223;387286.0
07/06/2021;5584;419009.0
08/06/2021;5966;450284.0
09/06/2021;7312;492817.0
10/06/2021;7232;509645.0
11/06/2021;7958;515723.0
12/06/2021;7550;574511.0
13/06/2021;7319;328349.0
14/06/2021;7606;368555.0
15/06/2021;7587;420699.0
16/06/2021;8808;430399.0
17/06/2021;10809;467238.0
18/06/2021;10270;428817.0
19/06/2021;10075;516604.0
20/06/2021;9072;273158.0
21/06/2021;10467;60405.0
22/06/2021;11481;550712.0
23/06/2021;15882;375635.0
24/06/2021;16702;399347.0
25/06/2021;15296;377267.0
26/06/2021;17943;433946.0
27/06/2021;14623;263267.0
28/06/2021;22644;265276.0
29/06/2021;20223;288679.0
30/06/2021;25606;316965.0
01/07/2021;27556;345591.0
02/07/2021;26706;301083.0
03/07/2021;24447;333598.0
04/07/2021;23818;188632.0
05/07/2021;27100;224776.0
06/07/2021;28334;238937.0
07/07/2021;32048;258430.0
08/07/2021;31977;271897.0
09/07/2021;35200;268902.0
10/07/2021;31800;305209.0
11/07/2021;31352;149620.0
12/07/2021;33998;179656.0
13/07/2021;36216;217349.0
14/07/2021;41748;246035.0
15/07/2021;47891;263574.0
16/07/2021;51273;271805.0
17/07/2021;53969;292431.0
18/07/2021;47599;147064.0
19/07/2021;39538;179230.0
20/07/2021;46125;200314.0
21/07/2021;43404;228439.0
22/07/2021;39315;232333.0
23/07/2021;35654;232315.0
24/07/2021;31285;247691.0
25/07/2021;28652;142507.0
26/07/2021;24386;178955.0
27/07/2021;23228;187052.0
28/07/2021;25402;215020.0
29/07/2021;30633;222271.0
30/07/2021;29213;207820.0
31/07/2021;25754;250840.0
01/08/2021;24139;139276.0
02/08/2021;21687;152284.0
03/08/2021;21466;172051.0
04/08/2021;28936;199003.0
05/08/2021;29825;208192.0
06/08/2021;31442;205332.0
07/08/2021;28229;251573.0
08/08/2021;27110;144913.0
09/08/2021;24881;169278.0
10/08/2021;23297;188654.0
11/08/2021;29260;215329.0
12/08/2021;32706;236943.0
13/08/2021;32362;212075.0
14/08/2021;29143;246187.0
15/08/2021;26426;157640.0
16/08/2021;28176;174106.0
17/08/2021;26628;189699.0
18/08/2021;33646;216507.0
19/08/2021;36273;231038.0
20/08/2021;36987;228277.0
21/08/2021;31783;267887.0
22/08/2021;31976;156697.0
23/08/2021;31675;177684.0
24/08/2021;30619;186086.0
25/08/2021;35547;229781.0
26/08/2021;37962;200076.0
27/08/2021;37690;176393.0
28/08/2021;32087;176959.0
29/08/2021;32937;103830.0
30/08/2021;26227;86291.0
31/08/2021;31931;159301.0
01/09/2021;35493;157473.0
02/09/2021;37830;159377.0
03/09/2021;42065;145856.0
04/09/2021;36642;169607.0
05/09/2021;36515;94988.0
06/09/2021;40801;102713.0
07/09/2021;37179;112472.0
08/09/2021;38486;113091.0
09/09/2021;37480;122476.0
10/09/2021;36734;117875.0
11/09/2021;28856;125972.0
12/09/2021;28614;67570.0
13/09/2021;30283;80081.0
14/09/2021;26251;84370.0
15/09/2021;29873;87692.0
16/09/2021;26326;87024.0
17/09/2021;32292;81162.0
18/09/2021;29438;98695.0
19/09/2021;29007;48997.0
20/09/2021;35702;66492.0
21/09/2021;31095;63790.0
22/09/2021;33560;66726.0
23/09/2021;35764;69671.0
24/09/2021;35620;72376.0
25/09/2021;29746;71414.0
26/09/2021;32997;41523.0
27/09/2021;37485;58096.0
28/09/2021;34520;65385.0
29/09/2021;35059;65632.0
30/09/2021;35742;937033.0
01/10/2021;34589;226381.0
02/10/2021;29389;259918.0
03/10/2021;29666;135173.0
04/10/2021;34256;190885.0
05/10/2021;33049;226019.0
06/10/2021;38675;223501.0
07/10/2021;39730;239314.0
08/10/2021;34910;234681.0
09/10/2021;39413;315681.0
10/10/2021;33593;135033.0
11/10/2021;39463;177340.0
12/10/2021;37668;227111.0
13/10/2021;41446;530030.0
14/10/2021;44556;310497.0
15/10/2021;44212;291083.0
16/10/2021;42818;368682.0
17/10/2021;44696;153134.0
18/10/2021;48703;241456.0
19/10/2021;43324;307744.0
20/10/2021;48545;332539.0
21/10/2021;51484;687752.0
22/10/2021;48728;371105.0
23/10/2021;44985;440764.0
24/10/2021;38740;214334.0
25/10/2021;36100;304247.0
26/10/2021;43453;328582.0
27/10/2021;43922;355173.0
28/10/2021;39006;366081.0
29/10/2021;43081;348474.0
30/10/2021;40726;433867.0
31/10/2021;37667;204800.0
01/11/2021;39682;297852.0
02/11/2021;33546;364255.0
03/11/2021;40803;419041.0
04/11/2021;36559;398611.0
05/11/2021;33697;388827.0
06/11/2021;30150;484130.0
07/11/2021;29843;250335.0
08/11/2021;31982;331498.0
09/11/2021;32785;401329.0
10/11/2021;39325;699192.0
11/11/2021;42401;429857.0
12/11/2021;38900;414160.0
13/11/2021;37669;519837.0
14/11/2021;36128;257335.0
15/11/2021;39270;336683.0
16/11/2021;36821;398862.0
17/11/2021;37868;439633.0
18/11/2021;46858;436587.0
19/11/2021;44237;412575.0
20/11/2021;39881;513270.0
21/11/2021;39458;268311.0
22/11/2021;44434;349941.0
23/11/2021;42482;413976.0
24/11/2021;42435;426964.0
25/11/2021;46654;442483.0
26/11/2021;49344;410741.0
27/11/2021;39567;521785.0
28/11/2021;36507;336273.0
29/11/2021;42144;367154.0
30/11/2021;39713;455285.0
01/12/2021;47235;466235.0
02/12/2021;53067;477734.0
03/12/2021;50573;442053.0
04/12/2021;41457;529328.0
05/12/2021;43285;339286.0
06/12/2021;50850;374156.0
07/12/2021;45102;442937.0
08/12/2021;50617;465782.0
09/12/2021;50023;527342.0
10/12/2021;58184;482986.0
11/12/2021;52279;615528.0
12/12/2021;48071;451044.0
13/12/2021;53953;562800.0
14/12/2021;59077;728681.0
15/12/2021;77741;812044.0
16/12/2021;87565;936480.0
17/12/2021;92503;927697.0
18/12/2021;89074;1024833.0
19/12/2021;81959;919521.0
20/12/2021;91734;988710.0
21/12/2021;89022;1062705.0
22/12/2021;105330;932501.0
23/12/2021;122448;682212.0
24/12/2021;121371;194107.0
25/12/2021;121861;12352.0
26/12/2021;118945;27002.0
27/12/2021;107699;315382.0
28/12/2021;138025;378480.0
29/12/2021;182104;511666.0
30/12/2021;188124;475032.0
31/12/2021;189836;204514.0
01/01/2022;162572;23907.0
02/01/2022;134943;140425.0
03/01/2022;187414;190278.0
04/01/2022;218705;288577.0
05/01/2022;193814;318172.0
06/01/2022;179731;289285.0
07/01/2022;178163;280569.0
08/01/2022;140566;318409.0
09/01/2022;141398;195060.0
10/01/2022;142122;194177.0
11/01/2022;115280;187650.0
12/01/2022;129544;176492.0
13/01/2022;105679;164567.0
14/01/2022;98578;163764.0
15/01/2022;80725;194251.0
16/01/2022;70160;115912.0
17/01/2022;88130;115517.0
18/01/2022;93890;122554.0
19/01/2022;107450;113612.0
20/01/2022;106533;116683.0
21/01/2022;95776;123034.0
22/01/2022;75429;141366.0
23/01/2022;74800;85700.0
24/01/2022;94397;101715.0
25/01/2022;94031;96266.0
26/01/2022;101603;100741.0
27/01/2022;96155;98610.0
28/01/2022;88506;108307.0
29/01/2022;72143;113276.0
30/01/2022;62399;72984.0
31/01/2022;847371;78666.0
01/02/2022;112452;77086.0
02/02/2022;86854;78777.0
03/02/2022;92633;78355.0
04/02/2022;82053;82228.0
05/02/2022;60114;80687.0
06/02/2022;53326;44731.0
07/02/2022;63307;65594.0
08/02/2022;66171;67245.0
09/02/2022;67316;67724.0
10/02/2022;162080;72107.0
11/02/2022;58316;79650.0
12/02/2022;45500;81592.0
13/02/2022;40844;40117.0
14/02/2022;41170;58329.0
15/02/2022;45922;86375.0
16/02/2022;53755;67808.0
17/02/2022;51352;65210.0
18/02/2022;47147;46264.0
19/02/2022;39218;64425.0
20/02/2022;31010;34636.0
21/02/2022;38139;52573.0
22/02/2022;40876;56800.0
23/02/2022;39235;56718.0
24/02/2022;38481;49977.0
25/02/2022;31601;53694.0
26/02/2022;0;57591.0
27/02/2022;0;31157.0
28/02/2022;81936;43518.0
01/03/2022;98867;43493.0
02/03/2022;43753;45484.0
03/03/2022;45375;54159.0
04/03/2022;44485;48500.0
05/03/2022;0;52648.0
06/03/2022;0;28355.0
07/03/2022;126120;37439.0
08/03/2022;61713;39314.0
09/03/2022;66870;272239.0
10/03/2022;84092;41805.0
11/03/2022;72509;41261.0
12/03/2022;0;52489.0
13/03/2022;0;27058.0
14/03/2022;170467;47727.0
15/03/2022;119229;40889.0
16/03/2022;90974;38688.0
17/03/2022;90472;40453.0
18/03/2022;92135;40812.0
19/03/2022;0;51479.0
20/03/2022;0;28194.0
21/03/2022;225672;238956.0
22/03/2022;94297;73020.0
23/03/2022;102267;0
24/03/2022;97819;0
25/03/2022;77306;105446.0
26/03/2022;0;110379.0
27/03/2022;0;50449.0
28/03/2022;214392;99953.0
29/03/2022;80656;110070.0
30/03/2022;86838;123606.0
31/03/2022;74416;129593.0
01/04/2022;69449;126891.0
02/04/2022;0;148125.0
03/04/2022;0;68056.0
04/04/2022;142807;112702.0
05/04/2022;50624;124858.0
06/04/2022;51251;148170.0
07/04/2022;46990;142865.0
08/04/2022;41284;148241.0
09/04/2022;0;197907.0
10/04/2022;0;85213.0
11/04/2022;91174;133066.0
12/04/2022;38276;154907.0
13/04/2022;35836;165241.0
14/04/2022;32522;160877.0
15/04/2022;0;54434.0
16/04/2022;0;95374.0
17/04/2022;0;27366.0
18/04/2022;0;28011.0
19/04/2022;116306;126481.0
20/04/2022;26093;144294.0
21/04/2022;19472;270184.0
22/04/2022;23697;144751.0
23/04/2022;0;226135.0
24/04/2022;0;84477.0
25/04/2022;44992;117557.0
26/04/2022;16611;138231.0
27/04/2022;17111;147975.0
28/04/2022;14005;142683.0
29/04/2022;12415;134323.0
30/04/2022;0;151849.0
01/05/2022;0;51319.0
02/05/2022;0;23955.0
03/05/2022;35518;97935.0
04/05/2022;16665;122685.0
05/05/2022;12460;110803.0
06/05/2022;11051;109269.0
07/05/2022;0;139041.0
08/05/2022;0;50768.0
09/05/2022;26253;87894.0
10/05/2022;10413;102996.0
11/05/2022;8120;103977.0
12/05/2022;14800;100628.0
13/05/2022;6587;86459.0
14/05/2022;0;100567.0
15/05/2022;0;43762.0
16/05/2022;23592;67304.0
17/05/2022;8596;77776.0
18/05/2022;7783;79109.0
19/05/2022;12199;84156.0
20/05/2022;6336;73183.0
21/05/2022;0;91174.0
22/05/2022;0;31803.0
23/05/2022;25967;56579.0
24/05/2022;6442;65452.0
25/05/2022;5853;56960.0
26/05/2022;0;85788.0
27/05/2022;4656;60684.0
28/05/2022;0;66077.0
29/05/2022;0;29336.0
30/05/2022;17090;53971.0
31/05/2022;5801;60430.0
01/06/2022;5306;53154.0
02/06/2022;0;16250.0
03/06/2022;0;5715.0
04/06/2022;0;27632.0
05/06/2022;0;34738.0
06/06/2022;33053;35461.0
07/06/2022;10237;42528.0
08/06/2022;13884;48645.0
09/06/2022;10079;43359.0
10/06/2022;9206;41871.0
11/06/2022;0;56141.0
12/06/2022;0;26056.0
13/06/2022;28231;30254.0
14/06/2022;12028;32413.0
15/06/2022;25300;36412.0
16/06/2022;12538;38659.0
17/06/2022;12054;34189.0
18/06/2022;0;48244.0
19/06/2022;0;21820.0
20/06/2022;36425;100171.0
21/06/2022;16430;35580.0
22/06/2022;32727;38209.0
23/06/2022;18269;36418.0
24/06/2022;16473;36647.0
25/06/2022;0;57871.0
26/06/2022;0;25879.0
27/06/2022;47303;33962.0
28/06/2022;21412;37761.0
29/06/2022;35895;39142.0
30/06/2022;22908;95358.0
01/07/2022;20720;34027.0
02/07/2022;0;50315.0
03/07/2022;0;24086.0
04/07/2022;0;32322.0
05/07/2022;0;33519.0
06/07/2022;142930;34314.0
07/07/2022;0;35633.0
08/07/2022;0;35038.0
09/07/2022;0;51018.0
10/07/2022;0;21128.0
11/07/2022;0;25693.0
12/07/2022;0;28007.0
13/07/2022;190913;30490.0
14/07/2022;0;31000.0
15/07/2022;0;30620.0
16/07/2022;0;50143.0
17/07/2022;0;20173.0
18/07/2022;0;19869.0
19/07/2022;0;18630.0
20/07/2022;137657;26720.0
21/07/2022;0;26181.0
22/07/2022;0;30040.0
23/07/2022;0;42010.0
24/07/2022;0;19606.0
25/07/2022;0;27233.0
26/07/2022;0;25890.0
27/07/2022;91914;26204.0
28/07/2022;0;30799.0
29/07/2022;0;24481.0
30/07/2022;0;33025.0
31/07/2022;0;15313.0
01/08/2022;0;19489.0
02/08/2022;0;18892.0
03/08/2022;64420;20780.0
04/08/2022;0;34507.0
05/08/2022;0;19511.0
06/08/2022;0;26047.0
07/08/2022;0;12508.0
08/08/2022;0;16780.0
09/08/2022;0;15535.0
10/08/2022;51927;16020.0
11/08/2022;0;16591.0
12/08/2022;0;15051.0
13/08/2022;0;21704.0
14/08/2022;0;9740.0
15/08/2022;0;24495.0
16/08/2022;0;14785.0
17/08/2022;39961;15219.0
18/08/2022;0;14746.0
19/08/2022;0;14095.0
20/08/2022;0;21535.0
21/08/2022;0;8301.0
22/08/2022;0;13870.0
23/08/2022;0;14743.0
24/08/2022;0;16806.0
25/08/2022;32088;17993.0
26/08/2022;0;14020.0
27/08/2022;0;18047.0
28/08/2022;0;6862.0
29/08/2022;0;3103.0
30/08/2022;0;15013.0
31/08/2022;28917;15755.0
01/09/2022;0;11010.0
02/09/2022;0;9783.0
03/09/2022;0;15677.0
04/09/2022;0;5992.0
05/09/2022;0;0
06/09/2022;0;0
07/09/2022;0;0
08/09/2022;32727;0
09/09/2022;0;0
10/09/2022;0;0
11/09/2022;0;0
12/09/2022;0;0
13/09/2022;0;0
14/09/2022;0;0
15/09/2022;30786;0
16/09/2022;0;0
17/09/2022;0;0
18/09/2022;0;0
19/09/2022;0;0
20/09/2022;0;0
21/09/2022;0;0
22/09/2022;36647;0
23/09/2022;0;0
24/09/2022;0;0
25/09/2022;0;0
26/09/2022;0;0
27/09/2022;0;0
28/09/2022;0;0
29/09/2022;50900;0
30/09/2022;0;0
01/10/2022;0;0
02/10/2022;0;0
03/10/2022;0;0
04/10/2022;0;0
05/10/2022;0;0
06/10/2022;62421;0
07/10/2022;0;0
08/10/2022;0;0
09/10/2022;0;0
10/10/2022;0;0
11/10/2022;0;0
12/10/2022;0;0
13/10/2022;63520;0
14/10/2022;0;0
15/10/2022;0;0
16/10/2022;0;0
17/10/2022;0;0
18/10/2022;0;0
19/10/2022;0;0
20/10/2022;56729;0
21/10/2022;0;0
22/10/2022;0;0
23/10/2022;0;0
24/10/2022;0;0
25/10/2022;0;0
26/10/2022;0;0
27/10/2022;42963;0
28/10/2022;0;0
29/10/2022;0;0
30/10/2022;0;0
31/10/2022;0;0
01/11/2022;0;0
02/11/2022;0;0
03/11/2022;31552;0
04/11/2022;0;0
05/11/2022;0;0
06/11/2022;0;0
07/11/2022;0;0
08/11/2022;0;0
09/11/2022;0;0
10/11/2022;24155;0
11/11/2022;0;0
12/11/2022;0;0
13/11/2022;0;0
14/11/2022;0;0
15/11/2022;0;0
16/11/2022;0;0
17/11/2022;23441;0
18/11/2022;0;0
19/11/2022;0;0
20/11/2022;0;0
21/11/2022;0;0
22/11/2022;0;0
23/11/2022;0;0
24/11/2022;20535;0
25/11/2022;0;0
26/11/2022;0;0
27/11/2022;0;0
28/11/2022;0;0
29/11/2022;0;0
30/11/2022;0;0
01/12/2022;26574;0
02/12/2022;0;0
03/12/2022;0;0
04/12/2022;0;0
05/12/2022;0;0
06/12/2022;0;0
07/12/2022;0;0
08/12/2022;28830;0
09/12/2022;0;0
10/12/2022;0;0
11/12/2022;0;0
12/12/2022;0;0
13/12/2022;0;0
14/12/2022;0;0
15/12/2022;35466;0
16/12/2022;0;0
17/12/2022;0;0
18/12/2022;0;0
19/12/2022;0;0
20/12/2022;0;0
21/12/2022;0;0
22/12/2022;46042;0
23/12/2022;0;0
24/12/2022;0;0
25/12/2022;0;0
26/12/2022;0;0
27/12/2022;0;0
28/12/2022;0;0
29/12/2022;0;0
30/12/2022;0;0
31/12/2022;0;0
01/01/2023;0;0
02/01/2023;0;0
03/01/2023;0;0
04/01/2023;0;0
05/01/2023;75047;0
06/01/2023;0;0
07/01/2023;0;0
08/01/2023;0;0
09/01/2023;0;0
10/01/2023;0;0
11/01/2023;0;0
12/01/2023;33262;0
13/01/2023;0;0
14/01/2023;0;0
15/01/2023;0;0
16/01/2023;0;0
17/01/2023;0;0
18/01/2023;0;0
19/01/2023;15847;0
20/01/2023;0;0
21/01/2023;0;0
22/01/2023;0;0
23/01/2023;0;0
24/01/2023;0;0
25/01/2023;0;0
26/01/2023;15121;0
27/01/2023;0;0
28/01/2023;0;0
29/01/2023;0;0
30/01/2023;0;0
31/01/2023;0;0
01/02/2023;0;0
02/02/2023;19391;0
03/02/2023;0;0
04/02/2023;0;0
05/02/2023;0;0
06/02/2023;0;0
07/02/2023;0;0
08/02/2023;0;0
09/02/2023;22231;0
10/02/2023;0;0
11/02/2023;0;0
12/02/2023;0;0
13/02/2023;0;0
14/02/2023;0;0
15/02/2023;0;0
16/02/2023;25632;0
17/02/2023;0;0
18/02/2023;0;0
19/02/2023;0;0
20/02/2023;0;0
21/02/2023;0;0
22/02/2023;0;0
23/02/2023;28539;0
24/02/2023;0;0
25/02/2023;0;0
26/02/2023;0;0
27/02/2023;0;0
28/02/2023;0;0
01/03/2023;0;0
02/03/2023;26380;0
03/03/2023;0;0
04/03/2023;0;0
05/03/2023;0;0
06/03/2023;0;0
07/03/2023;0;0
08/03/2023;0;0
09/03/2023;28779;0
;;0
;;0
;;0
;;0
;;0
;;0
;;0
;;0
;;0
;;0
;;0
;;0
;;0
;;0
;;0
;;0
;;0
;;0
;;0
;;0
;;0
;;0
;;0
;;0
;;0
;;0
;;0
;;0
;;0
;;0
;;0
;;0
;;0
;;0
;;0
;;0
;;0
;;0
;;0
;;0
;;0
;;0
;;0
;;0
;;0
;;0
;;0
;;0
;;0
;;0
;;0
;;0
;;0
;;0
;;0
;;0
;;0
;;0
;;0
;;0
;;0
;;0
;;0
;;0
;;0
;;0
;;0
;;0
;;0
;;0
;;0
;;0
;;0
;;0
;;0
;;0
;;0
;;0
;;0
;;0
;;0
;;0
;;0
;;0
;;0
;;0
;;0
;;0
;;0
;;0
;;0
;;0
;;0
;;0
;;0
;;0
;;0
;;0
;;0
;;0
;;0
;;0
;;0
;;0
;;0
;;0
;;0
;;0
;;0
;;0
;;0
;;0
;;0
;;0
;;0
;;0
;;0
;;0
;;0
;;0
;;0
;;0
;;0
;;0
;;0
;;0
;;0
;;0
;;0
;;0
;;0
;;0
;;0
;;0
;;0
;;0
;;0
;;0
;;0
;;0
;;0
;;0
;;0
;;0
;;0
;;0
;;0
;;0
;;0
;;0
;;0
;;0
;;0
;;0
;;0
;;0
;;0
;;0
;;0
;;0
;;0
;;0
;;0
;;0
;;0
;;0
;;0
;;0
;;0
;;0
;;0
;;0
;;0
;;0
;;0
;;0
;;0
;;0
;;0
;;0
;;0
;;0
;;0
;;0
;;0
;;0
;;0
;;0
;;0
;;0
;;0
;;0
;;0
;;0
;;0
;;0
;;0
;;0
;;0
;;0
;;0
;;0
